"Goal","Category"
"Aim to launch a tech startup","Entrepreneurship"
"Plan to pursue an MBA from a top university","Education"
"Hope to secure a data analyst role in a multinational firm","Career"
"Intend to publish academic papers on quantum computing","Research"
"Wish to improve public speaking and presentation skills","Personal Development"
"Plan to work in the NGO sector to support rural education","Career"
"Dream of founding a sustainable fashion brand","Entrepreneurship"
"Want to study cognitive psychology at graduate level","Education"
"Seek to invent a new medical device for early diagnosis","Research"
"Desire to become fluent in Japanese within two years","Personal Development"
"Goal to transition into UX design from software engineering","Career"
"Aim to scale my e-commerce venture globally","Entrepreneurship"
"Wish to complete a PhD in climate change policy","Education"
"Hope to develop AI tools for accessibility","Research"
"Intend to become a certified leadership coach","Personal Development"
"Target to join a Fortune 500 company in a tech role","Career"
"Plan to build a social enterprise focused on mental health","Entrepreneurship"
"Looking to specialize in fintech during my master’s","Education"
"Aim to contribute to cancer research through bioinformatics","Research"
"Want to develop better time management skills","Personal Development"
"Seek to lead a product team in a startup environment","Career"
"Dream to innovate in the field of agricultural automation","Entrepreneurship"
"Hope to receive a scholarship for graduate studies in the UK","Education"
"Plan to work on robotics research with a leading lab","Research"
"Intend to run a marathon and maintain a healthy lifestyle","Personal Development"
"Goal to become a senior marketing executive in 5 years","Career"
"Want to co-found a digital platform for freelancers","Entrepreneurship"
"Looking to double major in economics and political science","Education"
"Desire to author a research paper on renewable energy storage","Research"
"Wish to master emotional intelligence in workplace settings","Personal Development"
"Plan to relocate abroad for better career prospects","Career"
"Aim to develop a mental wellness app for teenagers","Entrepreneurship"
"Target to graduate with distinction from business school","Education"
"Want to collaborate on open-source AI research","Research"
"Intend to improve networking and interpersonal skills","Personal Development"
"Hope to transition from finance to product management","Career"
"Dream to open a chain of vegan restaurants","Entrepreneurship"
"Looking to enroll in a data science bootcamp","Education"
"Desire to study coral reef ecosystems and marine life","Research"
"Plan to build a journaling habit for self-reflection","Personal Development"
"Wish to become a project manager in the tech industry","Career"
"Want to create a fashion-tech startup","Entrepreneurship"
"Aim to earn a teaching license and work in education policy","Education"
"Hope to explore nanotechnology for drug delivery systems","Research"
"Goal to boost confidence in public forums","Personal Development"
"Intend to shift from engineering to product design","Career"
"Looking to build a blockchain-based identity platform","Entrepreneurship"
"Plan to complete a Master's in International Relations","Education"
"Wish to join a research lab focused on AI ethics","Research"
"Want to meditate daily and reduce screen time","Personal Development"
"Target to work as a creative director at an agency","Career"
"Desire to start a platform for women entrepreneurs","Entrepreneurship"
"Hope to study educational psychology","Education"
"Aim to contribute to open-source NLP projects","Research"
"Wish to read 20 books a year to expand knowledge","Personal Development"
"Dream of working in the aerospace industry","Career"
"Looking to build an app that helps farmers sell directly","Entrepreneurship"
"Intend to get certified in digital marketing","Education"
"Desire to assist professors in computational biology research","Research"
"Want to overcome fear of failure and build resilience","Personal Development"
"Plan to manage teams and lead projects in tech","Career"
"Hope to create a sustainability-focused food brand","Entrepreneurship"
"Aim to specialize in educational technology","Education"
"Target to develop new battery technology","Research"
"Goal to build a consistent morning routine","Personal Development"
"Wish to move into cybersecurity consulting","Career"
"Intend to launch a youth leadership program","Entrepreneurship"
"Plan to enroll in a master's in machine learning","Education"
"Looking to investigate neural networks in brain-computer interfaces","Research"
"Want to practice gratitude and mindfulness regularly","Personal Development"
"Hope to get promoted to senior developer role","Career"
"Dream to found a fintech startup for microloans","Entrepreneurship"
"Desire to study abroad in Europe for a semester","Education"
"Aim to explore innovations in bioengineering","Research"
"Wish to journal daily and track personal growth","Personal Development"
"Goal to become a tech lead in a growing company","Career"
"Plan to offer mentorship to underprivileged youth","Entrepreneurship"
"Looking to complete a certification in cloud computing","Education"
"Want to explore the impact of AI on mental health","Research"
"Intend to build stronger discipline and consistency","Personal Development"
"Hope to move into international business consulting","Career"
"Target to launch a mobile game studio","Entrepreneurship"
"Dream of attending Stanford for graduate school","Education"
"Desire to investigate dark matter through astrophysics","Research"
"Wish to build better work-life balance routines","Personal Development"
"Want to lead software development at a non-profit","Career"
"Plan to build an online marketplace for artists","Entrepreneurship"
"Aim to complete a thesis on postcolonial literature","Education"
"Hope to contribute to medical image analysis research","Research"
"Looking to spend time volunteering for disaster relief","Personal Development"
"Intend to work as an operations manager in logistics","Career"
"Goal to start a coding school in rural areas","Entrepreneurship"
"Dream of dual degrees in law and tech policy","Education"
"Target to develop new techniques in CRISPR research","Research"
"Wish to improve communication and conflict resolution","Personal Development"
"Plan to start an ed-tech company to personalize learning","Entrepreneurship"
"Intend to earn a diploma in supply chain management","Education"
"Hope to assist in climate impact studies for policymaking","Research"
"Aim to build better habits around daily journaling","Personal Development"
"Looking to become a full-stack developer at a tech startup","Career"
"Desire to create an AI chatbot for mental health support","Entrepreneurship"
"Want to attend graduate school in computational linguistics","Education"
"Plan to conduct research on social media misinformation","Research"
"Wish to develop deeper empathy and emotional awareness","Personal Development"
"Hope to enter the consulting field after graduation","Career"
"Intend to design a mobile app that teaches coding to kids","Entrepreneurship"
"Goal to earn a master's in biomedical engineering","Education"
"Dream to contribute to studies on ocean plastic pollution","Research"
"Want to build discipline by waking up early consistently","Personal Development"
"Aim to work as a business analyst in a global firm","Career"
"Desire to found a nonprofit supporting displaced youth","Entrepreneurship"
"Looking to specialize in artificial intelligence at university","Education"
"Hope to collaborate on climate resilience research","Research"
"Plan to develop confidence through improv classes","Personal Development"
"Wish to lead a software engineering team by age 30","Career"
"Goal to build a platform for remote team-building experiences","Entrepreneurship"
"Want to earn a double degree in law and international relations","Education"
"Intend to investigate the spread of antibiotic resistance","Research"
"Hope to reduce screen time and be more present daily","Personal Development"
"Aim to land a rotational graduate program at a multinational","Career"
"Dream of launching a startup that supports local artisans","Entrepreneurship"
"Plan to enroll in a postgraduate diploma in statistics","Education"
"Looking to explore innovations in renewable agriculture","Research"
"Want to improve negotiation and persuasion skills","Personal Development"
"Hope to become a cybersecurity consultant","Career"
"Desire to build a digital hub for student freelancers","Entrepreneurship"
"Aim to attend a masterclass in design thinking","Education"
"Goal to contribute to research on neurodiversity in education","Research"
"Plan to develop healthier eating habits","Personal Development"
"Looking to pivot from sales into product strategy","Career"
"Wish to launch a language-learning platform for minority languages","Entrepreneurship"
"Want to study financial engineering at the graduate level","Education"
"Hope to work on AI models for autonomous vehicles","Research"
"Desire to build resilience by taking on physical challenges","Personal Development"
"Aim to become a creative strategist in an ad agency","Career"
"Intend to launch an online service for virtual internships","Entrepreneurship"
"Goal to pursue a postgraduate degree in public policy","Education"
"Looking to analyze genetic markers for rare diseases","Research"
"Want to strengthen focus and reduce digital distractions","Personal Development"
"Hope to take on a leadership role in HR","Career"
"Dream of creating a tool to support dyslexic readers","Entrepreneurship"
"Plan to complete a short course in behavioral economics","Education"
"Aim to contribute to archaeological fieldwork and analysis","Research"
"Wish to improve active listening in professional settings","Personal Development"
"Goal to lead a corporate sustainability initiative","Career"
"Desire to start a podcast for young entrepreneurs","Entrepreneurship"
"Want to enroll in a certification program in business analytics","Education"
"Hope to co-author a research paper on biofuels","Research"
"Plan to build self-confidence through structured challenges","Personal Development"
"Aim to work in the international development sector","Career"
"Intend to design eco-friendly packaging alternatives","Entrepreneurship"
"Looking to get a teaching assistantship during grad school","Education"
"Dream to explore the use of drones in wildlife research","Research"
"Want to develop a gratitude routine to boost mental wellbeing","Personal Development"
"Goal to transition into a client-facing consulting role","Career"
"Hope to launch a platform connecting remote educators","Entrepreneurship"
"Desire to earn a postgraduate certificate in machine learning","Education"
"Plan to assist in a long-term study on infant cognition","Research"
"Wish to create a better balance between work and hobbies","Personal Development"
"Aim to become a licensed architect with a focus on sustainability","Career"
"Looking to launch a low-cost legal aid platform","Entrepreneurship"
"Want to pursue a dual program in economics and AI","Education"
"Intend to join a think tank focused on global security","Research"
"Goal to deepen mindfulness through daily meditation","Personal Development"
"Dream of becoming a supply chain strategist","Career"
"Hope to create a mentoring program for first-gen students","Entrepreneurship"
"Plan to attend an executive program in strategic leadership","Education"
"Aim to work on AI fairness and bias mitigation","Research"
"Desire to track habits and journal progress weekly","Personal Development"
"Looking to break into the fintech sector after graduation","Career"
"Want to build a mobile solution for language accessibility","Entrepreneurship"
"Intend to apply for a joint degree in economics and public health","Education"
"Wish to contribute to research on disaster response systems","Research"
"Hope to develop healthier boundaries in digital life","Personal Development"
"Goal to earn a promotion to team lead in the next year","Career"
"Aim to launch a newsletter on ethical entrepreneurship","Entrepreneurship"
"Plan to complete a master’s in global education policy","Education"
"Looking to experiment with AI in computational neuroscience","Research"
"Want to practice active gratitude in daily routines","Personal Development"
"Desire to become a senior systems analyst","Career"
"Dream to start an incubator for tech solutions in agriculture","Entrepreneurship"
"Intend to finish a certification in UX research","Education"
"Hope to assist with meta-analysis studies in psychology","Research"
"Goal to build self-discipline by committing to routines","Personal Development"
"Looking to specialize in customer success operations","Career"
"Plan to develop a mobile platform for career coaching","Entrepreneurship"
"Wish to pursue advanced coursework in digital ethics","Education"
"Aim to explore alternative energy in environmental research","Research"
"Want to create a habit of weekly personal reflection","Personal Development"
"Apply for a computer science degree at university","Education"
"Find a part-time job to save for college","Career"
"Start a small online business selling handmade crafts","Entrepreneurship"
"Improve my public speaking before university starts","Personal Development"
"Join a summer internship program in marketing","Career"
"Apply for scholarships to fund my studies abroad","Education"
"Create a YouTube channel focused on tech reviews","Entrepreneurship"
"Work on managing my time better for university life","Personal Development"
"Take an online course in graphic design","Education"
"Look for volunteer work in my community","Personal Development"
"Learn the basics of investing and personal finance","Personal Development"
"Prepare for IELTS to apply for international universities","Education"
"Work as a barista to gain work experience","Career"
"Launch a digital art portfolio and take commissions","Entrepreneurship"
"Improve my writing skills for college essays","Education"
"Start journaling daily to track my goals","Personal Development"
"Apply to medical school in the UK","Education"
"Get a part-time retail job for experience","Career"
"Sell customized stickers and art prints online","Entrepreneurship"
"Take a leadership course to develop confidence","Personal Development"
"Study coding to build my first website","Education"
"Start a book club with friends to keep reading","Personal Development"
"Try freelancing in logo design to earn money","Entrepreneurship"
"Work in a summer camp as a counselor","Career"
"Take an SAT prep course to increase my score","Education"
"Develop a budgeting system for my college expenses","Personal Development"
"Volunteer at a local animal shelter","Personal Development"
"Design and sell t-shirts through an online store","Entrepreneurship"
"Gain work experience through a school alumni network","Career"
"Apply for early admission to a top university","Education"
"Start a podcast interviewing recent graduates","Entrepreneurship"
"Work on improving my sleep schedule","Personal Development"
"Shadow a doctor to explore medical careers","Career"
"Enroll in a diploma program in film production","Education"
"Build a mobile game with my friend group","Entrepreneurship"
"Learn how to cook five basic meals before moving out","Personal Development"
"Attend a coding bootcamp before university","Education"
"Intern with a family business during the summer","Career"
"Create a digital resume and LinkedIn profile","Career"
"Join a startup as a content intern","Career"
"Take part in a business plan competition","Entrepreneurship"
"Practice mindfulness and reduce stress before university","Personal Development"
"Apply for an architecture foundation course","Education"
"Read one self-help book a month","Personal Development"
"Launch a community tutoring service for juniors","Entrepreneurship"
"Study psychology through open online courses","Education"
"Apply for an NGO internship to learn about development work","Career"
"Sell handmade jewelry at school events","Entrepreneurship"
"Learn how to write professional emails","Personal Development"
"Start saving money for a gap year","Personal Development"
"Help organize a charity fundraiser with friends","Entrepreneurship"
"Join an online mentorship program for first-year students","Education"
"Take a short course in ethical hacking","Education"
"Try teaching younger students as a side gig","Career"
"Create and publish a small eBook of poems","Entrepreneurship"
"Make a personal development plan for the next year","Personal Development"
"Apply to a foundation year in business studies","Education"
"Work as a campus ambassador for a brand","Career"
"Open a photography page and do free shoots to build a portfolio","Entrepreneurship"
"Learn how to manage stress in academic settings","Personal Development"
"Research universities that offer strong arts programs","Education"
"Offer résumé editing services to peers","Entrepreneurship"
"Seek out student leadership opportunities in university","Career"
"Take a break from academics to explore passions","Personal Development"
"Host local workshops on debate and communication","Entrepreneurship"
"Apply to engineering programs in Germany","Education"
"Take a MOOC on AI basics before college","Education"
"Sell revision guides and notes I created in high school","Entrepreneurship"
"Help my younger sibling prepare for IGCSEs","Personal Development"
"Join a coding club at a local learning center","Education"
"Develop better email and calendar organization habits","Personal Development"
"Apply to intern in a media production company","Career"
"Create a small dropshipping store for niche products","Entrepreneurship"
"Attend a student conference on sustainability","Education"
"Work as a freelance video editor during the summer","Career"
"Start an Instagram page reviewing books I read","Entrepreneurship"
"Create a vision board to track my long-term goals","Personal Development"
"Apply for financial aid at universities abroad","Education"
"Participate in a research internship for high school graduates","Research"
"Learn sign language through online lessons","Personal Development"
"Explore careers in UX/UI design","Career"
"Launch a blog about college life and study tips","Entrepreneurship"
"Take a digital marketing course with certification","Education"
"Work as a content writer for a student website","Career"
"Design Canva templates and sell them on Etsy","Entrepreneurship"
"Attend pre-university programs at global campuses","Education"
"Learn basic accounting before my business degree starts","Personal Development"
"Run a study group for high school leavers","Entrepreneurship"
"Make a YouTube channel to document my university journey","Entrepreneurship"
"Intern at a tech company as a tester or assistant","Career"
"Develop a consistent workout routine","Personal Development"
"Apply for part-time freelance programming gigs","Career"
"Start a side hustle doing peer tutoring","Entrepreneurship"
"Create and sell a digital planner for students","Entrepreneurship"
"Take a personal finance class to avoid student debt","Personal Development"
"Find a mentor in my desired field of study","Personal Development"
"Complete a beginner’s course in 3D modeling","Education"
"Help with social media for a small business","Career"
"Work on my typing speed and accuracy","Personal Development"