"Skill","Category"
"Mathematical Olympiad","Academic Skills"
"Essay writing","Academic Skills"
"Science fair","Academic Skills"
"Advanced calculus","Academic Skills"
"Math","Academic Skills"
"Research methodology","Academic Skills"
"Exam preparation","Academic Skills"
"Literary analysis","Academic Skills"
"Academic reading","Academic Skills"
"Note-taking","Academic Skills"
"Memorization techniques","Academic Skills"
"SAT preparation","Academic Skills"
"Academic writing","Academic Skills"
"Speed reading","Academic Skills"
"Scientific notation","Academic Skills"
"Test-taking strategies","Academic Skills"
"Thesis defense","Academic Skills"
"Textbook summarization","Academic Skills"
"Peer tutoring","Academic Skills"
"Educational psychology","Academic Skills"
"Study group coordination","Academic Skills"
"Knowledge synthesis","Academic Skills"
"Academic mentorship","Academic Skills"
"Historical analysis","Academic Skills"
"Curriculum planning","Academic Skills"
"Exam invigilation","Academic Skills"
"Critical reading","Academic Skills"
"Bibliography creation","Academic Skills"
"Academic citation","Academic Skills"
"Dissertation writing","Academic Skills"
"Academic presentation","Academic Skills"
"Scholarship application","Academic Skills"
"College preparation","Academic Skills"
"GRE preparation","Academic Skills"
"GMAT preparation","Academic Skills"
"LSAT preparation","Academic Skills"
"MCAT preparation","Academic Skills"
"AP exam preparation","Academic Skills"
"IB diploma","Academic Skills"
"Honor society participation","Academic Skills"
"Academic conferences","Academic Skills"
"Peer review","Academic Skills"
"Academic collaboration","Academic Skills"
"Study abroad preparation","Academic Skills"
"Language proficiency testing","Academic Skills"
"Academic goal setting","Academic Skills"
"Learning disability support","Academic Skills"
"Academic integrity","Academic Skills"
"Plagiarism detection","Academic Skills"
"Academic research ethics","Academic Skills"
"Graduate school applications","Academic Skills"
"Academic portfolio development","Academic Skills"
"Interdisciplinary studies","Academic Skills"
"Academic writing workshops","Academic Skills"
"Study skills development","Academic Skills"
"Academic time management","Academic Skills"
"Course selection strategy","Academic Skills"
"Academic networking","Academic Skills"
"Faculty mentorship","Academic Skills"
"Academic career planning","Academic Skills"
"Python programming","Technical Skills"
"Java development","Technical Skills"
"HTML coding","Technical Skills"
"CSS styling","Technical Skills"
"JavaScript scripting","Technical Skills"
"Machine learning","Technical Skills"
"SQL querying","Technical Skills"
"Git version control","Technical Skills"
"Data structures","Technical Skills"
"Algorithms","Technical Skills"
"Linux terminal","Technical Skills"
"Cybersecurity","Technical Skills"
"Mobile app development","Technical Skills"
"REST API design","Technical Skills"
"Cloud computing","Technical Skills"
"C++ programming","Technical Skills"
"Shell scripting","Technical Skills"
"API integration","Technical Skills"
"Docker containerization","Technical Skills"
"Kubernetes orchestration","Technical Skills"
"TensorFlow implementation","Technical Skills"
"Blockchain development","Technical Skills"
"Arduino programming","Technical Skills"
"React development","Technical Skills"
"Unit testing","Technical Skills"
"Programming","Technical Skills"
"Networking","Technical Skills"
"AI","Technical Skills"
"Databases","Technical Skills"
"Engineering","Technical Skills"
"Automation","Technical Skills"
"Blockchain","Technical Skills"
"Web","Technical Skills"
"Linux","Technical Skills"
"Node.js development","Technical Skills"
"Angular framework","Technical Skills"
"Vue.js programming","Technical Skills"
"PHP development","Technical Skills"
"Ruby programming","Technical Skills"
"Swift development","Technical Skills"
"Kotlin programming","Technical Skills"
"Go programming","Technical Skills"
"Rust programming","Technical Skills"
"Scala development","Technical Skills"
"R programming","Technical Skills"
"MATLAB scripting","Technical Skills"
"DevOps practices","Technical Skills"
"CI/CD pipeline","Technical Skills"
"AWS services","Technical Skills"
"Azure platform","Technical Skills"
"Google Cloud Platform","Technical Skills"
"MongoDB database","Technical Skills"
"PostgreSQL administration","Technical Skills"
"MySQL management","Technical Skills"
"Redis caching","Technical Skills"
"Elasticsearch implementation","Technical Skills"
"Apache Kafka","Technical Skills"
"Microservices architecture","Technical Skills"
"GraphQL implementation","Technical Skills"
"WebSocket programming","Technical Skills"
"Server administration","Technical Skills"
"Network security","Technical Skills"
"Penetration testing","Technical Skills"
"Ethical hacking","Technical Skills"
"Cryptography","Technical Skills"
"Digital forensics","Technical Skills"
"IoT development","Technical Skills"
"Robotics programming","Technical Skills"
"Computer vision","Technical Skills"
"Natural language processing","Technical Skills"
"Deep learning","Technical Skills"
"Neural networks","Technical Skills"
"Data mining","Technical Skills"
"Big data analytics","Technical Skills"
"Hadoop ecosystem","Technical Skills"
"Spark processing","Technical Skills"
"Data visualization","Technical Skills"
"Tableau dashboards","Technical Skills"
"Power BI reporting","Technical Skills"
"Excel advanced functions","Technical Skills"
"VBA programming","Technical Skills"
"Public speaking","Communication Skills"
"Debating","Communication Skills"
"Negotiation","Communication Skills"
"Storytelling","Communication Skills"
"Email etiquette","Communication Skills"
"Active listening","Communication Skills"
"Presentation skills","Communication Skills"
"Conflict resolution","Communication Skills"
"Interviewing","Communication Skills"
"Report writing","Communication Skills"
"Body language","Communication Skills"
"Persuasive speech","Communication Skills"
"Podcast hosting","Communication Skills"
"Copywriting","Communication Skills"
"Press release writing","Communication Skills"
"Impromptu speaking","Communication Skills"
"Speech writing","Communication Skills"
"Virtual presentation","Communication Skills"
"Cross-cultural communication","Communication Skills"
"Media interviewing","Communication Skills"
"Visual storytelling","Communication Skills"
"Instructional communication","Communication Skills"
"Customer service communication","Communication Skills"
"Meeting moderation","Communication Skills"
"Voice modulation","Communication Skills"
"Writing","Communication Skills"
"Speaking","Communication Skills"
"Debate","Communication Skills"
"Languages","Communication Skills"
"Pitching","Communication Skills"
"Persuasion","Communication Skills"
"Hosting","Communication Skills"
"Technical writing","Communication Skills"
"Grant writing","Communication Skills"
"Blog writing","Communication Skills"
"Social media communication","Communication Skills"
"Internal communications","Communication Skills"
"Executive communication","Communication Skills"
"Crisis communication","Communication Skills"
"Marketing communication","Communication Skills"
"Brand messaging","Communication Skills"
"Content strategy","Communication Skills"
"Editorial skills","Communication Skills"
"Proofreading","Communication Skills"
"Translation","Communication Skills"
"Interpretation","Communication Skills"
"Sign language","Communication Skills"
"Multilingual communication","Communication Skills"
"Diplomatic communication","Communication Skills"
"Sales communication","Communication Skills"
"Client relations","Communication Skills"
"Stakeholder communication","Communication Skills"
"Team communication","Communication Skills"
"Remote communication","Communication Skills"
"Digital communication","Communication Skills"
"Non-verbal communication","Communication Skills"
"Emotional communication","Communication Skills"
"Teamwork","Soft Skills"
"Adaptability","Soft Skills"
"Time management","Soft Skills"
"Critical thinking","Soft Skills"
"Problem-solving","Soft Skills"
"Empathy","Soft Skills"
"Creativity","Soft Skills"
"Stress management","Soft Skills"
"Decision making","Soft Skills"
"Responsibility","Soft Skills"
"Accountability","Soft Skills"
"Work ethic","Soft Skills"
"Patience","Soft Skills"
"Perseverance","Soft Skills"
"Flexibility","Soft Skills"
"Self-motivation","Soft Skills"
"Resilience","Soft Skills"
"Collaboration","Soft Skills"
"Positive attitude","Soft Skills"
"Initiative taking","Soft Skills"
"Emotional regulation","Soft Skills"
"Cultural sensitivity","Soft Skills"
"Open-mindedness","Soft Skills"
"Integrity","Soft Skills"
"Goal orientation","Soft Skills"
"Leadership","Soft Skills"
"Timekeeping","Soft Skills"
"Initiative","Soft Skills"
"Emotional intelligence","Soft Skills"
"Self-awareness","Soft Skills"
"Mindfulness","Soft Skills"
"Conflict management","Soft Skills"
"Relationship building","Soft Skills"
"Trust building","Soft Skills"
"Networking abilities","Soft Skills"
"Mentoring skills","Soft Skills"
"Coaching abilities","Soft Skills"
"Change management","Soft Skills"
"Innovation mindset","Soft Skills"
"Strategic thinking","Soft Skills"
"Systems thinking","Soft Skills"
"Design thinking","Soft Skills"
"Analytical thinking","Soft Skills"
"Logical reasoning","Soft Skills"
"Creative problem solving","Soft Skills"
"Risk assessment","Soft Skills"
"Decision frameworks","Soft Skills"
"Priority management","Soft Skills"
"Resource optimization","Soft Skills"
"Performance improvement","Soft Skills"
"Quality assurance","Soft Skills"
"Attention to detail","Soft Skills"
"Multitasking","Soft Skills"
"Learning agility","Soft Skills"
"Curiosity","Soft Skills"
"Growth mindset","Soft Skills"
"Graphic design","Artistic Skills"
"Sketching","Artistic Skills"
"Watercolor painting","Artistic Skills"
"Digital illustration","Artistic Skills"
"Photography","Artistic Skills"
"Video editing","Artistic Skills"
"Singing","Artistic Skills"
"Dancing","Artistic Skills"
"Theatre acting","Artistic Skills"
"Calligraphy","Artistic Skills"
"3D modeling","Artistic Skills"
"Poetry","Artistic Skills"
"Sculpting","Artistic Skills"
"Creative writing","Artistic Skills"
"Interior decorating","Artistic Skills"
"Animation","Artistic Skills"
"Oil painting","Artistic Skills"
"Set design","Artistic Skills"
"Makeup artistry","Artistic Skills"
"Character design","Artistic Skills"
"Fashion sketching","Artistic Skills"
"Graffiti art","Artistic Skills"
"Music composition","Artistic Skills"
"Voice acting","Artistic Skills"
"Cinematography","Artistic Skills"
"Art","Artistic Skills"
"Design","Artistic Skills"
"Music","Artistic Skills"
"Dance","Artistic Skills"
"Drama","Artistic Skills"
"Film","Artistic Skills"
"Painting","Artistic Skills"
"Sculpture","Artistic Skills"
"Fashion","Artistic Skills"
"Jewelry design","Artistic Skills"
"Pottery","Artistic Skills"
"Printmaking","Artistic Skills"
"Textile design","Artistic Skills"
"Woodworking","Artistic Skills"
"Metalworking","Artistic Skills"
"Glass blowing","Artistic Skills"
"Mosaic art","Artistic Skills"
"Collage creation","Artistic Skills"
"Street art","Artistic Skills"
"Digital painting","Artistic Skills"
"Concept art","Artistic Skills"
"Storyboarding","Artistic Skills"
"Comic illustration","Artistic Skills"
"Logo design","Artistic Skills"
"Brand identity design","Artistic Skills"
"Web design","Artistic Skills"
"UI/UX design","Artistic Skills"
"Motion graphics","Artistic Skills"
"Visual effects","Artistic Skills"
"Sound design","Artistic Skills"
"Music production","Artistic Skills"
"Audio engineering","Artistic Skills"
"Instrument playing","Artistic Skills"
"Songwriting","Artistic Skills"
"Music theory","Artistic Skills"
"Choreography","Artistic Skills"
"Stage design","Artistic Skills"
"Costume design","Artistic Skills"
"Lighting design","Artistic Skills"
"Art direction","Artistic Skills"
"Creative direction","Artistic Skills"
"Art curation","Artistic Skills"
"Gallery management","Artistic Skills"
"Art criticism","Artistic Skills"
"Art history","Artistic Skills"
